[
  {
    "provinceName": "استان اردبیل",
    "name": "اردبیل",
    "value": "شهرستان اردبیل"
  },
  {
    "provinceName": "استان اردبیل",
    "name": "اصلاندوز",
    "value": "شهرستان اصلاندوز"
  },
  {
    "provinceName": "استان اردبیل",
    "name": "بیله سوار",
    "value": "شهرستان بیله سوار"
  },
  {
    "provinceName": "استان اردبیل",
    "name": "پارس آباد",
    "value": "شهرستان پارس آباد"
  },
  {
    "provinceName": "استان اردبیل",
    "name": "خلخال",
    "value": "شهرستان خلخال"
  },
  {
    "provinceName": "استان اردبیل",
    "name": "سرعین",
    "value": "شهرستان سرعین"
  },
  {
    "provinceName": "استان اردبیل",
    "name": "کوثر",
    "value": "شهرستان کوثر"
  },
  {
    "provinceName": "استان اردبیل",
    "name": "گرمی",
    "value": "شهرستان گرمی"
  },
  {
    "provinceName": "استان اردبیل",
    "name": "مشگین شهر",
    "value": "شهرستان مشگین شهر"
  },
  {
    "provinceName": "استان اردبیل",
    "name": "نمین",
    "value": "شهرستان نمین"
  },
  {
    "provinceName": "استان اردبیل",
    "name": "نیر",
    "value": "شهرستان نیر"
  },
  {
    "provinceName": "استان اصفهان",
    "name": "اردستان",
    "value": "شهرستان اردستان"
  },
  {
    "provinceName": "استان اصفهان",
    "name": "اصفهان",
    "value": "شهرستان اصفهان"
  },
  {
    "provinceName": "استان اصفهان",
    "name": "آران وبیدگل",
    "value": "شهرستان آران وبیدگل"
  },
  {
    "provinceName": "استان اصفهان",
    "name": "برخوار",
    "value": "شهرستان برخوار"
  },
  {
    "provinceName": "استان اصفهان",
    "name": "بو یین و میاندشت",
    "value": "شهرستان بو یین و میاندشت"
  },
  {
    "provinceName": "استان اصفهان",
    "name": "تیران وکرون",
    "value": "شهرستان تیران وکرون"
  },
  {
    "provinceName": "استان اصفهان",
    "name": "چادگان",
    "value": "شهرستان چادگان"
  },
  {
    "provinceName": "استان اصفهان",
    "name": "خمینی شهر",
    "value": "شهرستان خمینی شهر"
  },
  {
    "provinceName": "استان اصفهان",
    "name": "خوانسار",
    "value": "شهرستان خوانسار"
  },
  {
    "provinceName": "استان اصفهان",
    "name": "خور و بیابانک",
    "value": "شهرستان خور و بیابانک"
  },
  {
    "provinceName": "استان اصفهان",
    "name": "دهاقان",
    "value": "شهرستان دهاقان"
  },
  {
    "provinceName": "استان اصفهان",
    "name": "سمیرم",
    "value": "شهرستان سمیرم"
  },
  {
    "provinceName": "استان اصفهان",
    "name": "شاهین شهرومیمه",
    "value": "شهرستان شاهین شهرومیمه"
  },
  {
    "provinceName": "استان اصفهان",
    "name": "شهرضا",
    "value": "شهرستان شهرضا"
  },
  {
    "provinceName": "استان اصفهان",
    "name": "فریدن",
    "value": "شهرستان فریدن"
  },
  {
    "provinceName": "استان اصفهان",
    "name": "فریدونشهر",
    "value": "شهرستان فریدونشهر"
  },
  {
    "provinceName": "استان اصفهان",
    "name": "فلاورجان",
    "value": "شهرستان فلاورجان"
  },
  {
    "provinceName": "استان اصفهان",
    "name": "کاشان",
    "value": "شهرستان کاشان"
  },
  {
    "provinceName": "استان اصفهان",
    "name": "گلپایگان",
    "value": "شهرستان گلپایگان"
  },
  {
    "provinceName": "استان اصفهان",
    "name": "لنجان",
    "value": "شهرستان لنجان"
  },
  {
    "provinceName": "استان اصفهان",
    "name": "مبارکه",
    "value": "شهرستان مبارکه"
  },
  {
    "provinceName": "استان اصفهان",
    "name": "نایین",
    "value": "شهرستان نایین"
  },
  {
    "provinceName": "استان اصفهان",
    "name": "نجف آباد",
    "value": "شهرستان نجف آباد"
  },
  {
    "provinceName": "استان اصفهان",
    "name": "نطنز",
    "value": "شهرستان نطنز"
  },
  {
    "provinceName": "استان البرز",
    "name": "اشتهارد",
    "value": "شهرستان اشتهارد"
  },
  {
    "provinceName": "استان البرز",
    "name": "ساوجبلاغ",
    "value": "شهرستان ساوجبلاغ"
  },
  {
    "provinceName": "استان البرز",
    "name": "طالقان",
    "value": "شهرستان طالقان"
  },
  {
    "provinceName": "استان البرز",
    "name": "فردیس",
    "value": "شهرستان فردیس"
  },
  {
    "provinceName": "استان البرز",
    "name": "کرج",
    "value": "شهرستان کرج"
  },
  {
    "provinceName": "استان البرز",
    "name": "نظرآباد",
    "value": "شهرستان نظرآباد"
  },
  {
    "provinceName": "استان ایلام",
    "name": "ایلام",
    "value": "شهرستان ایلام"
  },
  {
    "provinceName": "استان ایلام",
    "name": "ایوان",
    "value": "شهرستان ایوان"
  },
  {
    "provinceName": "استان ایلام",
    "name": "آبدانان",
    "value": "شهرستان آبدانان"
  },
  {
    "provinceName": "استان ایلام",
    "name": "بدره",
    "value": "شهرستان بدره"
  },
  {
    "provinceName": "استان ایلام",
    "name": "چرداول",
    "value": "شهرستان چرداول"
  },
  {
    "provinceName": "استان ایلام",
    "name": "دره شهر",
    "value": "شهرستان دره شهر"
  },
  {
    "provinceName": "استان ایلام",
    "name": "دهلران",
    "value": "شهرستان دهلران"
  },
  {
    "provinceName": "استان ایلام",
    "name": "سیروان",
    "value": "شهرستان سیروان"
  },
  {
    "provinceName": "استان ایلام",
    "name": "ملکشاهی",
    "value": "شهرستان ملکشاهی"
  },
  {
    "provinceName": "استان ایلام",
    "name": "مهران",
    "value": "شهرستان مهران"
  },
  {
    "provinceName": "استان ایلام",
    "name": "هلیلان",
    "value": "شهرستان هلیلان"
  },
  {
    "provinceName": "استان آذربایجان شرقی",
    "name": "اسکو",
    "value": "شهرستان اسکو"
  },
  {
    "provinceName": "استان آذربایجان شرقی",
    "name": "اهر",
    "value": "شهرستان اهر"
  },
  {
    "provinceName": "استان آذربایجان شرقی",
    "name": "آذرشهر",
    "value": "شهرستان آذرشهر"
  },
  {
    "provinceName": "استان آذربایجان شرقی",
    "name": "بستان آباد",
    "value": "شهرستان بستان آباد"
  },
  {
    "provinceName": "استان آذربایجان شرقی",
    "name": "بناب",
    "value": "شهرستان بناب"
  },
  {
    "provinceName": "استان آذربایجان شرقی",
    "name": "تبریز",
    "value": "شهرستان تبریز"
  },
  {
    "provinceName": "استان آذربایجان شرقی",
    "name": "جلفا",
    "value": "شهرستان جلفا"
  },
  {
    "provinceName": "استان آذربایجان شرقی",
    "name": "چاراویماق",
    "value": "شهرستان چاراویماق"
  },
  {
    "provinceName": "استان آذربایجان شرقی",
    "name": "خداآفرین",
    "value": "شهرستان خداآفرین"
  },
  {
    "provinceName": "استان آذربایجان شرقی",
    "name": "سراب",
    "value": "شهرستان سراب"
  },
  {
    "provinceName": "استان آذربایجان شرقی",
    "name": "شبستر",
    "value": "شهرستان شبستر"
  },
  {
    "provinceName": "استان آذربایجان شرقی",
    "name": "عجب شیر",
    "value": "شهرستان عجب شیر"
  },
  {
    "provinceName": "استان آذربایجان شرقی",
    "name": "کلیبر",
    "value": "شهرستان کلیبر"
  },
  {
    "provinceName": "استان آذربایجان شرقی",
    "name": "مراغه",
    "value": "شهرستان مراغه"
  },
  {
    "provinceName": "استان آذربایجان شرقی",
    "name": "مرند",
    "value": "شهرستان مرند"
  },
  {
    "provinceName": "استان آذربایجان شرقی",
    "name": "ملکان",
    "value": "شهرستان ملکان"
  },
  {
    "provinceName": "استان آذربایجان شرقی",
    "name": "میانه",
    "value": "شهرستان میانه"
  },
  {
    "provinceName": "استان آذربایجان شرقی",
    "name": "هریس",
    "value": "شهرستان هریس"
  },
  {
    "provinceName": "استان آذربایجان شرقی",
    "name": "هشترود",
    "value": "شهرستان هشترود"
  },
  {
    "provinceName": "استان آذربایجان شرقی",
    "name": "هوراند",
    "value": "شهرستان هوراند"
  },
  {
    "provinceName": "استان آذربایجان شرقی",
    "name": "ورزقان",
    "value": "شهرستان ورزقان"
  },
  {
    "provinceName": "استان آذربایجان غربی",
    "name": "ارومیه",
    "value": "شهرستان ارومیه"
  },
  {
    "provinceName": "استان آذربایجان غربی",
    "name": "اشنویه",
    "value": "شهرستان اشنویه"
  },
  {
    "provinceName": "استان آذربایجان غربی",
    "name": "بوکان",
    "value": "شهرستان بوکان"
  },
  {
    "provinceName": "استان آذربایجان غربی",
    "name": "پلدشت",
    "value": "شهرستان پلدشت"
  },
  {
    "provinceName": "استان آذربایجان غربی",
    "name": "پیرانشهر",
    "value": "شهرستان پیرانشهر"
  },
  {
    "provinceName": "استان آذربایجان غربی",
    "name": "تکاب",
    "value": "شهرستان تکاب"
  },
  {
    "provinceName": "استان آذربایجان غربی",
    "name": "چالدران",
    "value": "شهرستان چالدران"
  },
  {
    "provinceName": "استان آذربایجان غربی",
    "name": "چایپاره",
    "value": "شهرستان چایپاره"
  },
  {
    "provinceName": "استان آذربایجان غربی",
    "name": "خوی",
    "value": "شهرستان خوی"
  },
  {
    "provinceName": "استان آذربایجان غربی",
    "name": "سردشت",
    "value": "شهرستان سردشت"
  },
  {
    "provinceName": "استان آذربایجان غربی",
    "name": "سلماس",
    "value": "شهرستان سلماس"
  },
  {
    "provinceName": "استان آذربایجان غربی",
    "name": "شاهین دژ",
    "value": "شهرستان شاهین دژ"
  },
  {
    "provinceName": "استان آذربایجان غربی",
    "name": "شوط",
    "value": "شهرستان شوط"
  },
  {
    "provinceName": "استان آذربایجان غربی",
    "name": "ماکو",
    "value": "شهرستان ماکو"
  },
  {
    "provinceName": "استان آذربایجان غربی",
    "name": "مهاباد",
    "value": "شهرستان مهاباد"
  },
  {
    "provinceName": "استان آذربایجان غربی",
    "name": "میاندوآب",
    "value": "شهرستان میاندوآب"
  },
  {
    "provinceName": "استان آذربایجان غربی",
    "name": "نقده",
    "value": "شهرستان نقده"
  },
  {
    "provinceName": "استان بوشهر",
    "name": "بوشهر",
    "value": "شهرستان بوشهر"
  },
  {
    "provinceName": "استان بوشهر",
    "name": "تنگستان",
    "value": "شهرستان تنگستان"
  },
  {
    "provinceName": "استان بوشهر",
    "name": "جم",
    "value": "شهرستان جم"
  },
  {
    "provinceName": "استان بوشهر",
    "name": "دشتستان",
    "value": "شهرستان دشتستان"
  },
  {
    "provinceName": "استان بوشهر",
    "name": "دشتی",
    "value": "شهرستان دشتی"
  },
  {
    "provinceName": "استان بوشهر",
    "name": "دیر",
    "value": "شهرستان دیر"
  },
  {
    "provinceName": "استان بوشهر",
    "name": "دیلم",
    "value": "شهرستان دیلم"
  },
  {
    "provinceName": "استان بوشهر",
    "name": "عسلویه",
    "value": "شهرستان عسلویه"
  },
  {
    "provinceName": "استان بوشهر",
    "name": "کنگان",
    "value": "شهرستان کنگان"
  },
  {
    "provinceName": "استان بوشهر",
    "name": "گناوه",
    "value": "شهرستان گناوه"
  },
  {
    "provinceName": "استان تهران",
    "name": "اسلامشهر",
    "value": "شهرستان اسلامشهر"
  },
  {
    "provinceName": "استان تهران",
    "name": "بهارستان",
    "value": "شهرستان بهارستان"
  },
  {
    "provinceName": "استان تهران",
    "name": "پاکدشت",
    "value": "شهرستان پاکدشت"
  },
  {
    "provinceName": "استان تهران",
    "name": "پردیس",
    "value": "شهرستان پردیس"
  },
  {
    "provinceName": "استان تهران",
    "name": "پیشوا",
    "value": "شهرستان پیشوا"
  },
  {
    "provinceName": "استان تهران",
    "name": "تهران",
    "value": "شهرستان تهران"
  },
  {
    "provinceName": "استان تهران",
    "name": "دماوند",
    "value": "شهرستان دماوند"
  },
  {
    "provinceName": "استان تهران",
    "name": "رباط کریم",
    "value": "شهرستان رباط کریم"
  },
  {
    "provinceName": "استان تهران",
    "name": "ری",
    "value": "شهرستان ری"
  },
  {
    "provinceName": "استان تهران",
    "name": "شمیرانات",
    "value": "شهرستان شمیرانات"
  },
  {
    "provinceName": "استان تهران",
    "name": "شهریار",
    "value": "شهرستان شهریار"
  },
  {
    "provinceName": "استان تهران",
    "name": "فیروزکوه",
    "value": "شهرستان فیروزکوه"
  },
  {
    "provinceName": "استان تهران",
    "name": "قدس",
    "value": "شهرستان قدس"
  },
  {
    "provinceName": "استان تهران",
    "name": "قرچک",
    "value": "شهرستان قرچک"
  },
  {
    "provinceName": "استان تهران",
    "name": "ملارد",
    "value": "شهرستان ملارد"
  },
  {
    "provinceName": "استان تهران",
    "name": "ورامین",
    "value": "شهرستان ورامین"
  },
  {
    "provinceName": "استان چهارمحال و بختیاری",
    "name": "اردل",
    "value": "شهرستان اردل"
  },
  {
    "provinceName": "استان چهارمحال و بختیاری",
    "name": "بروجن",
    "value": "شهرستان بروجن"
  },
  {
    "provinceName": "استان چهارمحال و بختیاری",
    "name": "بن",
    "value": "شهرستان بن"
  },
  {
    "provinceName": "استان چهارمحال و بختیاری",
    "name": "خانمیرزا",
    "value": "شهرستان خانمیرزا"
  },
  {
    "provinceName": "استان چهارمحال و بختیاری",
    "name": "سامان",
    "value": "شهرستان سامان"
  },
  {
    "provinceName": "استان چهارمحال و بختیاری",
    "name": "شهرکرد",
    "value": "شهرستان شهرکرد"
  },
  {
    "provinceName": "استان چهارمحال و بختیاری",
    "name": "فارسان",
    "value": "شهرستان فارسان"
  },
  {
    "provinceName": "استان چهارمحال و بختیاری",
    "name": "کوهرنگ",
    "value": "شهرستان کوهرنگ"
  },
  {
    "provinceName": "استان چهارمحال و بختیاری",
    "name": "کیار",
    "value": "شهرستان کیار"
  },
  {
    "provinceName": "استان چهارمحال و بختیاری",
    "name": "لردگان",
    "value": "شهرستان لردگان"
  },
  {
    "provinceName": "استان خراسان جنوبی",
    "name": "بشرویه",
    "value": "شهرستان بشرویه"
  },
  {
    "provinceName": "استان خراسان جنوبی",
    "name": "بیرجند",
    "value": "شهرستان بیرجند"
  },
  {
    "provinceName": "استان خراسان جنوبی",
    "name": "خوسف",
    "value": "شهرستان خوسف"
  },
  {
    "provinceName": "استان خراسان جنوبی",
    "name": "درمیان",
    "value": "شهرستان درمیان"
  },
  {
    "provinceName": "استان خراسان جنوبی",
    "name": "زیرکوه",
    "value": "شهرستان زیرکوه"
  },
  {
    "provinceName": "استان خراسان جنوبی",
    "name": "سرایان",
    "value": "شهرستان سرایان"
  },
  {
    "provinceName": "استان خراسان جنوبی",
    "name": "سربیشه",
    "value": "شهرستان سربیشه"
  },
  {
    "provinceName": "استان خراسان جنوبی",
    "name": "طبس",
    "value": "شهرستان طبس"
  },
  {
    "provinceName": "استان خراسان جنوبی",
    "name": "فردوس",
    "value": "شهرستان فردوس"
  },
  {
    "provinceName": "استان خراسان جنوبی",
    "name": "قائنات",
    "value": "شهرستان قائنات"
  },
  {
    "provinceName": "استان خراسان جنوبی",
    "name": "نهبندان",
    "value": "شهرستان نهبندان"
  },
  {
    "provinceName": "استان خراسان رضوی",
    "name": "باخرز",
    "value": "شهرستان باخرز"
  },
  {
    "provinceName": "استان خراسان رضوی",
    "name": "بجستان",
    "value": "شهرستان بجستان"
  },
  {
    "provinceName": "استان خراسان رضوی",
    "name": "بردسکن",
    "value": "شهرستان بردسکن"
  },
  {
    "provinceName": "استان خراسان رضوی",
    "name": "بینالود",
    "value": "شهرستان بینالود"
  },
  {
    "provinceName": "استان خراسان رضوی",
    "name": "تایباد",
    "value": "شهرستان تایباد"
  },
  {
    "provinceName": "استان خراسان رضوی",
    "name": "تربت جام",
    "value": "شهرستان تربت جام"
  },
  {
    "provinceName": "استان خراسان رضوی",
    "name": "تربت حیدریه",
    "value": "شهرستان تربت حیدریه"
  },
  {
    "provinceName": "استان خراسان رضوی",
    "name": "جغتای",
    "value": "شهرستان جغتای"
  },
  {
    "provinceName": "استان خراسان رضوی",
    "name": "جوین",
    "value": "شهرستان جوین"
  },
  {
    "provinceName": "استان خراسان رضوی",
    "name": "چناران",
    "value": "شهرستان چناران"
  },
  {
    "provinceName": "استان خراسان رضوی",
    "name": "خلیل آباد",
    "value": "شهرستان خلیل آباد"
  },
  {
    "provinceName": "استان خراسان رضوی",
    "name": "خواف",
    "value": "شهرستان خواف"
  },
  {
    "provinceName": "استان خراسان رضوی",
    "name": "خوشاب",
    "value": "شهرستان خوشاب"
  },
  {
    "provinceName": "استان خراسان رضوی",
    "name": "داورزن",
    "value": "شهرستان داورزن"
  },
  {
    "provinceName": "استان خراسان رضوی",
    "name": "درگز",
    "value": "شهرستان درگز"
  },
  {
    "provinceName": "استان خراسان رضوی",
    "name": "رشتخوار",
    "value": "شهرستان رشتخوار"
  },
  {
    "provinceName": "استان خراسان رضوی",
    "name": "زاوه",
    "value": "شهرستان زاوه"
  },
  {
    "provinceName": "استان خراسان رضوی",
    "name": "سبزوار",
    "value": "شهرستان سبزوار"
  },
  {
    "provinceName": "استان خراسان رضوی",
    "name": "سرخس",
    "value": "شهرستان سرخس"
  },
  {
    "provinceName": "استان خراسان رضوی",
    "name": "صالح آباد",
    "value": "شهرستان صالح آباد"
  },
  {
    "provinceName": "استان خراسان رضوی",
    "name": "فریمان",
    "value": "شهرستان فریمان"
  },
  {
    "provinceName": "استان خراسان رضوی",
    "name": "فیروزه",
    "value": "شهرستان فیروزه"
  },
  {
    "provinceName": "استان خراسان رضوی",
    "name": "قوچان",
    "value": "شهرستان قوچان"
  },
  {
    "provinceName": "استان خراسان رضوی",
    "name": "کاشمر",
    "value": "شهرستان کاشمر"
  },
  {
    "provinceName": "استان خراسان رضوی",
    "name": "کلات",
    "value": "شهرستان کلات"
  },
  {
    "provinceName": "استان خراسان رضوی",
    "name": "کوهسرخ",
    "value": "شهرستان کوهسرخ"
  },
  {
    "provinceName": "استان خراسان رضوی",
    "name": "گناباد",
    "value": "شهرستان گناباد"
  },
  {
    "provinceName": "استان خراسان رضوی",
    "name": "مشهد",
    "value": "شهرستان مشهد"
  },
  {
    "provinceName": "استان خراسان رضوی",
    "name": "مه ولات",
    "value": "شهرستان مه ولات"
  },
  {
    "provinceName": "استان خراسان رضوی",
    "name": "نیشابور",
    "value": "شهرستان نیشابور"
  },
  {
    "provinceName": "استان خراسان شمالی",
    "name": "اسفراین",
    "value": "شهرستان اسفراین"
  },
  {
    "provinceName": "استان خراسان شمالی",
    "name": "بجنورد",
    "value": "شهرستان بجنورد"
  },
  {
    "provinceName": "استان خراسان شمالی",
    "name": "جاجرم",
    "value": "شهرستان جاجرم"
  },
  {
    "provinceName": "استان خراسان شمالی",
    "name": "راز و جرگلان",
    "value": "شهرستان راز و جرگلان"
  },
  {
    "provinceName": "استان خراسان شمالی",
    "name": "شیروان",
    "value": "شهرستان شیروان"
  },
  {
    "provinceName": "استان خراسان شمالی",
    "name": "فاروج",
    "value": "شهرستان فاروج"
  },
  {
    "provinceName": "استان خراسان شمالی",
    "name": "گرمه",
    "value": "شهرستان گرمه"
  },
  {
    "provinceName": "استان خراسان شمالی",
    "name": "مانه وسملقان",
    "value": "شهرستان مانه وسملقان"
  },
  {
    "provinceName": "استان خوزستان",
    "name": "امیدیه",
    "value": "شهرستان امیدیه"
  },
  {
    "provinceName": "استان خوزستان",
    "name": "اندیکا",
    "value": "شهرستان اندیکا"
  },
  {
    "provinceName": "استان خوزستان",
    "name": "اندیمشک",
    "value": "شهرستان اندیمشک"
  },
  {
    "provinceName": "استان خوزستان",
    "name": "اهواز",
    "value": "شهرستان اهواز"
  },
  {
    "provinceName": "استان خوزستان",
    "name": "ایذه",
    "value": "شهرستان ایذه"
  },
  {
    "provinceName": "استان خوزستان",
    "name": "آبادان",
    "value": "شهرستان آبادان"
  },
  {
    "provinceName": "استان خوزستان",
    "name": "آغاجاری",
    "value": "شهرستان آغاجاری"
  },
  {
    "provinceName": "استان خوزستان",
    "name": "باغ ملک",
    "value": "شهرستان باغ ملک"
  },
  {
    "provinceName": "استان خوزستان",
    "name": "باوی",
    "value": "شهرستان باوی"
  },
  {
    "provinceName": "استان خوزستان",
    "name": "بندرماهشهر",
    "value": "شهرستان بندرماهشهر"
  },
  {
    "provinceName": "استان خوزستان",
    "name": "بهبهان",
    "value": "شهرستان بهبهان"
  },
  {
    "provinceName": "استان خوزستان",
    "name": "حمیدیه",
    "value": "شهرستان حمیدیه"
  },
  {
    "provinceName": "استان خوزستان",
    "name": "خرمشهر",
    "value": "شهرستان خرمشهر"
  },
  {
    "provinceName": "استان خوزستان",
    "name": "دزفول",
    "value": "شهرستان دزفول"
  },
  {
    "provinceName": "استان خوزستان",
    "name": "دشت آزادگان",
    "value": "شهرستان دشت آزادگان"
  },
  {
    "provinceName": "استان خوزستان",
    "name": "رامشیر",
    "value": "شهرستان رامشیر"
  },
  {
    "provinceName": "استان خوزستان",
    "name": "رامهرمز",
    "value": "شهرستان رامهرمز"
  },
  {
    "provinceName": "استان خوزستان",
    "name": "شادگان",
    "value": "شهرستان شادگان"
  },
  {
    "provinceName": "استان خوزستان",
    "name": "شوش",
    "value": "شهرستان شوش"
  },
  {
    "provinceName": "استان خوزستان",
    "name": "شوشتر",
    "value": "شهرستان شوشتر"
  },
  {
    "provinceName": "استان خوزستان",
    "name": "کارون",
    "value": "شهرستان کارون"
  },
  {
    "provinceName": "استان خوزستان",
    "name": "گتوند",
    "value": "شهرستان گتوند"
  },
  {
    "provinceName": "استان خوزستان",
    "name": "لالی",
    "value": "شهرستان لالی"
  },
  {
    "provinceName": "استان خوزستان",
    "name": "مسجدسلیمان",
    "value": "شهرستان مسجدسلیمان"
  },
  {
    "provinceName": "استان خوزستان",
    "name": "هفتکل",
    "value": "شهرستان هفتکل"
  },
  {
    "provinceName": "استان خوزستان",
    "name": "هندیجان",
    "value": "شهرستان هندیجان"
  },
  {
    "provinceName": "استان خوزستان",
    "name": "هویزه",
    "value": "شهرستان هویزه"
  },
  {
    "provinceName": "استان زنجان",
    "name": "ابهر",
    "value": "شهرستان ابهر"
  },
  {
    "provinceName": "استان زنجان",
    "name": "ایجرود",
    "value": "شهرستان ایجرود"
  },
  {
    "provinceName": "استان زنجان",
    "name": "خدابنده",
    "value": "شهرستان خدابنده"
  },
  {
    "provinceName": "استان زنجان",
    "name": "خرمدره",
    "value": "شهرستان خرمدره"
  },
  {
    "provinceName": "استان زنجان",
    "name": "زنجان",
    "value": "شهرستان زنجان"
  },
  {
    "provinceName": "استان زنجان",
    "name": "سلطانیه",
    "value": "شهرستان سلطانیه"
  },
  {
    "provinceName": "استان زنجان",
    "name": "طارم",
    "value": "شهرستان طارم"
  },
  {
    "provinceName": "استان زنجان",
    "name": "ماهنشان",
    "value": "شهرستان ماهنشان"
  },
  {
    "provinceName": "استان سمنان",
    "name": "آرادان",
    "value": "شهرستان آرادان"
  },
  {
    "provinceName": "استان سمنان",
    "name": "دامغان",
    "value": "شهرستان دامغان"
  },
  {
    "provinceName": "استان سمنان",
    "name": "سرخه",
    "value": "شهرستان سرخه"
  },
  {
    "provinceName": "استان سمنان",
    "name": "سمنان",
    "value": "شهرستان سمنان"
  },
  {
    "provinceName": "استان سمنان",
    "name": "شاهرود",
    "value": "شهرستان شاهرود"
  },
  {
    "provinceName": "استان سمنان",
    "name": "گرمسار",
    "value": "شهرستان گرمسار"
  },
  {
    "provinceName": "استان سمنان",
    "name": "مهدئ شهر",
    "value": "شهرستان مهدئ شهر"
  },
  {
    "provinceName": "استان سمنان",
    "name": "میامی",
    "value": "شهرستان میامی"
  },
  {
    "provinceName": "استان سیستان و بلوچستان",
    "name": "ایرانشهر",
    "value": "شهرستان ایرانشهر"
  },
  {
    "provinceName": "استان سیستان و بلوچستان",
    "name": "بمپور",
    "value": "شهرستان بمپور"
  },
  {
    "provinceName": "استان سیستان و بلوچستان",
    "name": "تفتان",
    "value": "شهرستان تفتان"
  },
  {
    "provinceName": "استان سیستان و بلوچستان",
    "name": "چاه بهار",
    "value": "شهرستان چاه بهار"
  },
  {
    "provinceName": "استان سیستان و بلوچستان",
    "name": "خاش",
    "value": "شهرستان خاش"
  },
  {
    "provinceName": "استان سیستان و بلوچستان",
    "name": "دشتیاری",
    "value": "شهرستان دشتیاری"
  },
  {
    "provinceName": "استان سیستان و بلوچستان",
    "name": "دلگان",
    "value": "شهرستان دلگان"
  },
  {
    "provinceName": "استان سیستان و بلوچستان",
    "name": "راسک",
    "value": "شهرستان راسک"
  },
  {
    "provinceName": "استان سیستان و بلوچستان",
    "name": "زابل",
    "value": "شهرستان زابل"
  },
  {
    "provinceName": "استان سیستان و بلوچستان",
    "name": "زاهدان",
    "value": "شهرستان زاهدان"
  },
  {
    "provinceName": "استان سیستان و بلوچستان",
    "name": "زهک",
    "value": "شهرستان زهک"
  },
  {
    "provinceName": "استان سیستان و بلوچستان",
    "name": "سراوان",
    "value": "شهرستان سراوان"
  },
  {
    "provinceName": "استان سیستان و بلوچستان",
    "name": "سرباز",
    "value": "شهرستان سرباز"
  },
  {
    "provinceName": "استان سیستان و بلوچستان",
    "name": "سیب و سوران",
    "value": "شهرستان سیب و سوران"
  },
  {
    "provinceName": "استان سیستان و بلوچستان",
    "name": "فنوج",
    "value": "شهرستان فنوج"
  },
  {
    "provinceName": "استان سیستان و بلوچستان",
    "name": "قصرقند",
    "value": "شهرستان قصرقند"
  },
  {
    "provinceName": "استان سیستان و بلوچستان",
    "name": "کنارک",
    "value": "شهرستان کنارک"
  },
  {
    "provinceName": "استان سیستان و بلوچستان",
    "name": "مهرستان",
    "value": "شهرستان مهرستان"
  },
  {
    "provinceName": "استان سیستان و بلوچستان",
    "name": "میرجاوه",
    "value": "شهرستان میرجاوه"
  },
  {
    "provinceName": "استان سیستان و بلوچستان",
    "name": "نیک شهر",
    "value": "شهرستان نیک شهر"
  },
  {
    "provinceName": "استان سیستان و بلوچستان",
    "name": "نیمروز",
    "value": "شهرستان نیمروز"
  },
  {
    "provinceName": "استان سیستان و بلوچستان",
    "name": "هامون",
    "value": "شهرستان هامون"
  },
  {
    "provinceName": "استان سیستان و بلوچستان",
    "name": "هیرمند",
    "value": "شهرستان هیرمند"
  },
  {
    "provinceName": "استان فارس",
    "name": "ارسنجان",
    "value": "شهرستان ارسنجان"
  },
  {
    "provinceName": "استان فارس",
    "name": "استهبان",
    "value": "شهرستان استهبان"
  },
  {
    "provinceName": "استان فارس",
    "name": "اقلید",
    "value": "شهرستان اقلید"
  },
  {
    "provinceName": "استان فارس",
    "name": "اوز",
    "value": "شهرستان اوز"
  },
  {
    "provinceName": "استان فارس",
    "name": "آباده",
    "value": "شهرستان آباده"
  },
  {
    "provinceName": "استان فارس",
    "name": "بختگان",
    "value": "شهرستان بختگان"
  },
  {
    "provinceName": "استان فارس",
    "name": "بوانات",
    "value": "شهرستان بوانات"
  },
  {
    "provinceName": "استان فارس",
    "name": "بیضا",
    "value": "شهرستان بیضا"
  },
  {
    "provinceName": "استان فارس",
    "name": "پاسارگاد",
    "value": "شهرستان پاسارگاد"
  },
  {
    "provinceName": "استان فارس",
    "name": "جهرم",
    "value": "شهرستان جهرم"
  },
  {
    "provinceName": "استان فارس",
    "name": "خرامه",
    "value": "شهرستان خرامه"
  },
  {
    "provinceName": "استان فارس",
    "name": "خرم بید",
    "value": "شهرستان خرم بید"
  },
  {
    "provinceName": "استان فارس",
    "name": "خفر",
    "value": "شهرستان خفر"
  },
  {
    "provinceName": "استان فارس",
    "name": "خنج",
    "value": "شهرستان خنج"
  },
  {
    "provinceName": "استان فارس",
    "name": "داراب",
    "value": "شهرستان داراب"
  },
  {
    "provinceName": "استان فارس",
    "name": "رستم",
    "value": "شهرستان رستم"
  },
  {
    "provinceName": "استان فارس",
    "name": "زرقان",
    "value": "شهرستان زرقان"
  },
  {
    "provinceName": "استان فارس",
    "name": "زرین دشت",
    "value": "شهرستان زرین دشت"
  },
  {
    "provinceName": "استان فارس",
    "name": "سپیدان",
    "value": "شهرستان سپیدان"
  },
  {
    "provinceName": "استان فارس",
    "name": "سرچهان",
    "value": "شهرستان سرچهان"
  },
  {
    "provinceName": "استان فارس",
    "name": "سروستان",
    "value": "شهرستان سروستان"
  },
  {
    "provinceName": "استان فارس",
    "name": "شیراز",
    "value": "شهرستان شیراز"
  },
  {
    "provinceName": "استان فارس",
    "name": "فراشبند",
    "value": "شهرستان فراشبند"
  },
  {
    "provinceName": "استان فارس",
    "name": "فسا",
    "value": "شهرستان فسا"
  },
  {
    "provinceName": "استان فارس",
    "name": "فیروزآباد",
    "value": "شهرستان فیروزآباد"
  },
  {
    "provinceName": "استان فارس",
    "name": "قیروکارزین",
    "value": "شهرستان قیروکارزین"
  },
  {
    "provinceName": "استان فارس",
    "name": "کازرون",
    "value": "شهرستان کازرون"
  },
  {
    "provinceName": "استان فارس",
    "name": "کوار",
    "value": "شهرستان کوار"
  },
  {
    "provinceName": "استان فارس",
    "name": "کوه چنار",
    "value": "شهرستان کوه چنار"
  },
  {
    "provinceName": "استان فارس",
    "name": "گراش",
    "value": "شهرستان گراش"
  },
  {
    "provinceName": "استان فارس",
    "name": "لارستان",
    "value": "شهرستان لارستان"
  },
  {
    "provinceName": "استان فارس",
    "name": "لامرد",
    "value": "شهرستان لامرد"
  },
  {
    "provinceName": "استان فارس",
    "name": "مرودشت",
    "value": "شهرستان مرودشت"
  },
  {
    "provinceName": "استان فارس",
    "name": "ممسنی",
    "value": "شهرستان ممسنی"
  },
  {
    "provinceName": "استان فارس",
    "name": "مهر",
    "value": "شهرستان مهر"
  },
  {
    "provinceName": "استان فارس",
    "name": "نی ریز",
    "value": "شهرستان نی ریز"
  },
  {
    "provinceName": "استان قزوین",
    "name": "البرز",
    "value": "شهرستان البرز"
  },
  {
    "provinceName": "استان قزوین",
    "name": "آبیک",
    "value": "شهرستان آبیک"
  },
  {
    "provinceName": "استان قزوین",
    "name": "آوج",
    "value": "شهرستان آوج"
  },
  {
    "provinceName": "استان قزوین",
    "name": "بوئین زهرا",
    "value": "شهرستان بوئین زهرا"
  },
  {
    "provinceName": "استان قزوین",
    "name": "تاکستان",
    "value": "شهرستان تاکستان"
  },
  {
    "provinceName": "استان قزوین",
    "name": "قزوین",
    "value": "شهرستان قزوین"
  },
  {
    "provinceName": "استان قم",
    "name": "قم",
    "value": "شهرستان قم"
  },
  {
    "provinceName": "استان کردستان",
    "name": "بانه",
    "value": "شهرستان بانه"
  },
  {
    "provinceName": "استان کردستان",
    "name": "بیجار",
    "value": "شهرستان بیجار"
  },
  {
    "provinceName": "استان کردستان",
    "name": "دهگلان",
    "value": "شهرستان دهگلان"
  },
  {
    "provinceName": "استان کردستان",
    "name": "دیواندره",
    "value": "شهرستان دیواندره"
  },
  {
    "provinceName": "استان کردستان",
    "name": "سروآباد",
    "value": "شهرستان سروآباد"
  },
  {
    "provinceName": "استان کردستان",
    "name": "سقز",
    "value": "شهرستان سقز"
  },
  {
    "provinceName": "استان کردستان",
    "name": "سنندج",
    "value": "شهرستان سنندج"
  },
  {
    "provinceName": "استان کردستان",
    "name": "قروه",
    "value": "شهرستان قروه"
  },
  {
    "provinceName": "استان کردستان",
    "name": "کامیاران",
    "value": "شهرستان کامیاران"
  },
  {
    "provinceName": "استان کردستان",
    "name": "مریوان",
    "value": "شهرستان مریوان"
  },
  {
    "provinceName": "استان کرمان",
    "name": "ارزوئیه",
    "value": "شهرستان ارزوئیه"
  },
  {
    "provinceName": "استان کرمان",
    "name": "انار",
    "value": "شهرستان انار"
  },
  {
    "provinceName": "استان کرمان",
    "name": "بافت",
    "value": "شهرستان بافت"
  },
  {
    "provinceName": "استان کرمان",
    "name": "بردسیر",
    "value": "شهرستان بردسیر"
  },
  {
    "provinceName": "استان کرمان",
    "name": "بم",
    "value": "شهرستان بم"
  },
  {
    "provinceName": "استان کرمان",
    "name": "جیرفت",
    "value": "شهرستان جیرفت"
  },
  {
    "provinceName": "استان کرمان",
    "name": "رابر",
    "value": "شهرستان رابر"
  },
  {
    "provinceName": "استان کرمان",
    "name": "راور",
    "value": "شهرستان راور"
  },
  {
    "provinceName": "استان کرمان",
    "name": "رفسنجان",
    "value": "شهرستان رفسنجان"
  },
  {
    "provinceName": "استان کرمان",
    "name": "رودبارجنوب",
    "value": "شهرستان رودبارجنوب"
  },
  {
    "provinceName": "استان کرمان",
    "name": "ریگان",
    "value": "شهرستان ریگان"
  },
  {
    "provinceName": "استان کرمان",
    "name": "زرند",
    "value": "شهرستان زرند"
  },
  {
    "provinceName": "استان کرمان",
    "name": "سیرجان",
    "value": "شهرستان سیرجان"
  },
  {
    "provinceName": "استان کرمان",
    "name": "شهربابک",
    "value": "شهرستان شهربابک"
  },
  {
    "provinceName": "استان کرمان",
    "name": "عنبرآباد",
    "value": "شهرستان عنبرآباد"
  },
  {
    "provinceName": "استان کرمان",
    "name": "فاریاب",
    "value": "شهرستان فاریاب"
  },
  {
    "provinceName": "استان کرمان",
    "name": "فهرج",
    "value": "شهرستان فهرج"
  },
  {
    "provinceName": "استان کرمان",
    "name": "قلعه گنج",
    "value": "شهرستان قلعه گنج"
  },
  {
    "provinceName": "استان کرمان",
    "name": "کرمان",
    "value": "شهرستان کرمان"
  },
  {
    "provinceName": "استان کرمان",
    "name": "کهنوج",
    "value": "شهرستان کهنوج"
  },
  {
    "provinceName": "استان کرمان",
    "name": "کوهبنان",
    "value": "شهرستان کوهبنان"
  },
  {
    "provinceName": "استان کرمان",
    "name": "منوجان",
    "value": "شهرستان منوجان"
  },
  {
    "provinceName": "استان کرمان",
    "name": "نرماشیر",
    "value": "شهرستان نرماشیر"
  },
  {
    "provinceName": "استان کهگیلویه و بویر احمد",
    "name": "باشت",
    "value": "شهرستان باشت"
  },
  {
    "provinceName": "استان کهگیلویه و بویر احمد",
    "name": "بهمئی",
    "value": "شهرستان بهمئی"
  },
  {
    "provinceName": "استان کهگیلویه و بویر احمد",
    "name": "بویراحمد",
    "value": "شهرستان بویراحمد"
  },
  {
    "provinceName": "استان کهگیلویه و بویر احمد",
    "name": "چرام",
    "value": "شهرستان چرام"
  },
  {
    "provinceName": "استان کهگیلویه و بویر احمد",
    "name": "دنا",
    "value": "شهرستان دنا"
  },
  {
    "provinceName": "استان کهگیلویه و بویر احمد",
    "name": "کهگیلویه",
    "value": "شهرستان کهگیلویه"
  },
  {
    "provinceName": "استان کهگیلویه و بویر احمد",
    "name": "گچساران",
    "value": "شهرستان گچساران"
  },
  {
    "provinceName": "استان کهگیلویه و بویر احمد",
    "name": "لنده",
    "value": "شهرستان لنده"
  },
  {
    "provinceName": "استان کهگیلویه و بویر احمد",
    "name": "مارگون",
    "value": "شهرستان مارگون"
  },
  {
    "provinceName": "استان کرمانشاه",
    "name": "اسلام آبادغرب",
    "value": "شهرستان اسلام آبادغرب"
  },
  {
    "provinceName": "استان کرمانشاه",
    "name": "پاوه",
    "value": "شهرستان پاوه"
  },
  {
    "provinceName": "استان کرمانشاه",
    "name": "ثلاث باباجانی",
    "value": "شهرستان ثلاث باباجانی"
  },
  {
    "provinceName": "استان کرمانشاه",
    "name": "جوانرود",
    "value": "شهرستان جوانرود"
  },
  {
    "provinceName": "استان کرمانشاه",
    "name": "دالاهو",
    "value": "شهرستان دالاهو"
  },
  {
    "provinceName": "استان کرمانشاه",
    "name": "روانسر",
    "value": "شهرستان روانسر"
  },
  {
    "provinceName": "استان کرمانشاه",
    "name": "سرپل ذهاب",
    "value": "شهرستان سرپل ذهاب"
  },
  {
    "provinceName": "استان کرمانشاه",
    "name": "سنقر",
    "value": "شهرستان سنقر"
  },
  {
    "provinceName": "استان کرمانشاه",
    "name": "صحنه",
    "value": "شهرستان صحنه"
  },
  {
    "provinceName": "استان کرمانشاه",
    "name": "قصرشیرین",
    "value": "شهرستان قصرشیرین"
  },
  {
    "provinceName": "استان کرمانشاه",
    "name": "کرمانشاه",
    "value": "شهرستان کرمانشاه"
  },
  {
    "provinceName": "استان کرمانشاه",
    "name": "کنگاور",
    "value": "شهرستان کنگاور"
  },
  {
    "provinceName": "استان کرمانشاه",
    "name": "گیلانغرب",
    "value": "شهرستان گیلانغرب"
  },
  {
    "provinceName": "استان کرمانشاه",
    "name": "هرسین",
    "value": "شهرستان هرسین"
  },
  {
    "provinceName": "استان گلستان",
    "name": "آزادشهر",
    "value": "شهرستان آزادشهر"
  },
  {
    "provinceName": "استان گلستان",
    "name": "آق قلا",
    "value": "شهرستان آق قلا"
  },
  {
    "provinceName": "استان گلستان",
    "name": "بندرگز",
    "value": "شهرستان بندرگز"
  },
  {
    "provinceName": "استان گلستان",
    "name": "ترکمن",
    "value": "شهرستان ترکمن"
  },
  {
    "provinceName": "استان گلستان",
    "name": "رامیان",
    "value": "شهرستان رامیان"
  },
  {
    "provinceName": "استان گلستان",
    "name": "علی آباد کتول",
    "value": "شهرستان علی آباد کتول"
  },
  {
    "provinceName": "استان گلستان",
    "name": "کردکوی",
    "value": "شهرستان کردکوی"
  },
  {
    "provinceName": "استان گلستان",
    "name": "کلاله",
    "value": "شهرستان کلاله"
  },
  {
    "provinceName": "استان گلستان",
    "name": "گالیکش",
    "value": "شهرستان گالیکش"
  },
  {
    "provinceName": "استان گلستان",
    "name": "گرگان",
    "value": "شهرستان گرگان"
  },
  {
    "provinceName": "استان گلستان",
    "name": "گمیشان",
    "value": "شهرستان گمیشان"
  },
  {
    "provinceName": "استان گلستان",
    "name": "گنبدکاووس",
    "value": "شهرستان گنبدکاووس"
  },
  {
    "provinceName": "استان گلستان",
    "name": "مراوه تپه",
    "value": "شهرستان مراوه تپه"
  },
  {
    "provinceName": "استان گلستان",
    "name": "مینودشت",
    "value": "شهرستان مینودشت"
  },
  {
    "provinceName": "استان گیلان",
    "name": "املش",
    "value": "شهرستان املش"
  },
  {
    "provinceName": "استان گیلان",
    "name": "آستارا",
    "value": "شهرستان آستارا"
  },
  {
    "provinceName": "استان گیلان",
    "name": "آستانه اشرفیه",
    "value": "شهرستان آستانه اشرفیه"
  },
  {
    "provinceName": "استان گیلان",
    "name": "بندر انزلی",
    "value": "شهرستان بندر انزلی"
  },
  {
    "provinceName": "استان گیلان",
    "name": "رشت",
    "value": "شهرستان رشت"
  },
  {
    "provinceName": "استان گیلان",
    "name": "رضوانشهر",
    "value": "شهرستان رضوانشهر"
  },
  {
    "provinceName": "استان گیلان",
    "name": "رودبار",
    "value": "شهرستان رودبار"
  },
  {
    "provinceName": "استان گیلان",
    "name": "رودسر",
    "value": "شهرستان رودسر"
  },
  {
    "provinceName": "استان گیلان",
    "name": "سیاهکل",
    "value": "شهرستان سیاهکل"
  },
  {
    "provinceName": "استان گیلان",
    "name": "شفت",
    "value": "شهرستان شفت"
  },
  {
    "provinceName": "استان گیلان",
    "name": "صومعه سرا",
    "value": "شهرستان صومعه سرا"
  },
  {
    "provinceName": "استان گیلان",
    "name": "طوالش",
    "value": "شهرستان طوالش"
  },
  {
    "provinceName": "استان گیلان",
    "name": "فومن",
    "value": "شهرستان فومن"
  },
  {
    "provinceName": "استان گیلان",
    "name": "لاهیجان",
    "value": "شهرستان لاهیجان"
  },
  {
    "provinceName": "استان گیلان",
    "name": "لنگرود",
    "value": "شهرستان لنگرود"
  },
  {
    "provinceName": "استان گیلان",
    "name": "ماسال",
    "value": "شهرستان ماسال"
  },
  {
    "provinceName": "استان لرستان",
    "name": "ازنا",
    "value": "شهرستان ازنا"
  },
  {
    "provinceName": "استان لرستان",
    "name": "الیگودرز",
    "value": "شهرستان الیگودرز"
  },
  {
    "provinceName": "استان لرستان",
    "name": "بروجرد",
    "value": "شهرستان بروجرد"
  },
  {
    "provinceName": "استان لرستان",
    "name": "پلدختر",
    "value": "شهرستان پلدختر"
  },
  {
    "provinceName": "استان لرستان",
    "name": "چگنی",
    "value": "شهرستان چگنی"
  },
  {
    "provinceName": "استان لرستان",
    "name": "خرم آباد",
    "value": "شهرستان خرم آباد"
  },
  {
    "provinceName": "استان لرستان",
    "name": "دلفان",
    "value": "شهرستان دلفان"
  },
  {
    "provinceName": "استان لرستان",
    "name": "دورود",
    "value": "شهرستان دورود"
  },
  {
    "provinceName": "استان لرستان",
    "name": "رومشکان",
    "value": "شهرستان رومشکان"
  },
  {
    "provinceName": "استان لرستان",
    "name": "سلسله",
    "value": "شهرستان سلسله"
  },
  {
    "provinceName": "استان لرستان",
    "name": "کوهدشت",
    "value": "شهرستان کوهدشت"
  },
  {
    "provinceName": "استان مازندران",
    "name": "آمل",
    "value": "شهرستان آمل"
  },
  {
    "provinceName": "استان مازندران",
    "name": "بابل",
    "value": "شهرستان بابل"
  },
  {
    "provinceName": "استان مازندران",
    "name": "بابلسر",
    "value": "شهرستان بابلسر"
  },
  {
    "provinceName": "استان مازندران",
    "name": "بهشهر",
    "value": "شهرستان بهشهر"
  },
  {
    "provinceName": "استان مازندران",
    "name": "تنکابن",
    "value": "شهرستان تنکابن"
  },
  {
    "provinceName": "استان مازندران",
    "name": "جویبار",
    "value": "شهرستان جویبار"
  },
  {
    "provinceName": "استان مازندران",
    "name": "چالوس",
    "value": "شهرستان چالوس"
  },
  {
    "provinceName": "استان مازندران",
    "name": "رامسر",
    "value": "شهرستان رامسر"
  },
  {
    "provinceName": "استان مازندران",
    "name": "ساری",
    "value": "شهرستان ساری"
  },
  {
    "provinceName": "استان مازندران",
    "name": "سوادکوه",
    "value": "شهرستان سوادکوه"
  },
  {
    "provinceName": "استان مازندران",
    "name": "سوادکوه شمالی",
    "value": "شهرستان سوادکوه شمالی"
  },
  {
    "provinceName": "استان مازندران",
    "name": "سیمرغ",
    "value": "شهرستان سیمرغ"
  },
  {
    "provinceName": "استان مازندران",
    "name": "عباس آباد",
    "value": "شهرستان عباس آباد"
  },
  {
    "provinceName": "استان مازندران",
    "name": "فریدونکنار",
    "value": "شهرستان فریدونکنار"
  },
  {
    "provinceName": "استان مازندران",
    "name": "قائم شهر",
    "value": "شهرستان قائم شهر"
  },
  {
    "provinceName": "استان مازندران",
    "name": "کلاردشت",
    "value": "شهرستان کلاردشت"
  },
  {
    "provinceName": "استان مازندران",
    "name": "گلوگاه",
    "value": "شهرستان گلوگاه"
  },
  {
    "provinceName": "استان مازندران",
    "name": "محمودآباد",
    "value": "شهرستان محمودآباد"
  },
  {
    "provinceName": "استان مازندران",
    "name": "میاندورود",
    "value": "شهرستان میاندورود"
  },
  {
    "provinceName": "استان مازندران",
    "name": "نکا",
    "value": "شهرستان نکا"
  },
  {
    "provinceName": "استان مازندران",
    "name": "نور",
    "value": "شهرستان نور"
  },
  {
    "provinceName": "استان مازندران",
    "name": "نوشهر",
    "value": "شهرستان نوشهر"
  },
  {
    "provinceName": "استان مرکزی",
    "name": "اراک",
    "value": "شهرستان اراک"
  },
  {
    "provinceName": "استان مرکزی",
    "name": "آشتیان",
    "value": "شهرستان آشتیان"
  },
  {
    "provinceName": "استان مرکزی",
    "name": "تفرش",
    "value": "شهرستان تفرش"
  },
  {
    "provinceName": "استان مرکزی",
    "name": "خمین",
    "value": "شهرستان خمین"
  },
  {
    "provinceName": "استان مرکزی",
    "name": "خنداب",
    "value": "شهرستان خنداب"
  },
  {
    "provinceName": "استان مرکزی",
    "name": "دلیجان",
    "value": "شهرستان دلیجان"
  },
  {
    "provinceName": "استان مرکزی",
    "name": "زرندیه",
    "value": "شهرستان زرندیه"
  },
  {
    "provinceName": "استان مرکزی",
    "name": "ساوه",
    "value": "شهرستان ساوه"
  },
  {
    "provinceName": "استان مرکزی",
    "name": "شازند",
    "value": "شهرستان شازند"
  },
  {
    "provinceName": "استان مرکزی",
    "name": "فراهان",
    "value": "شهرستان فراهان"
  },
  {
    "provinceName": "استان مرکزی",
    "name": "کمیجان",
    "value": "شهرستان کمیجان"
  },
  {
    "provinceName": "استان مرکزی",
    "name": "محلات",
    "value": "شهرستان محلات"
  },
  {
    "provinceName": "استان هرمزگان",
    "name": "ابوموسی",
    "value": "شهرستان ابوموسی"
  },
  {
    "provinceName": "استان هرمزگان",
    "name": "بستک",
    "value": "شهرستان بستک"
  },
  {
    "provinceName": "استان هرمزگان",
    "name": "بشاگرد",
    "value": "شهرستان بشاگرد"
  },
  {
    "provinceName": "استان هرمزگان",
    "name": "بندرعباس",
    "value": "شهرستان بندرعباس"
  },
  {
    "provinceName": "استان هرمزگان",
    "name": "بندرلنگه",
    "value": "شهرستان بندرلنگه"
  },
  {
    "provinceName": "استان هرمزگان",
    "name": "پارسیان",
    "value": "شهرستان پارسیان"
  },
  {
    "provinceName": "استان هرمزگان",
    "name": "جاسک",
    "value": "شهرستان جاسک"
  },
  {
    "provinceName": "استان هرمزگان",
    "name": "حاجی اباد",
    "value": "شهرستان حاجی اباد"
  },
  {
    "provinceName": "استان هرمزگان",
    "name": "خمیر",
    "value": "شهرستان خمیر"
  },
  {
    "provinceName": "استان هرمزگان",
    "name": "رودان",
    "value": "شهرستان رودان"
  },
  {
    "provinceName": "استان هرمزگان",
    "name": "سیریک",
    "value": "شهرستان سیریک"
  },
  {
    "provinceName": "استان هرمزگان",
    "name": "قشم",
    "value": "شهرستان قشم"
  },
  {
    "provinceName": "استان هرمزگان",
    "name": "میناب",
    "value": "شهرستان میناب"
  },
  {
    "provinceName": "استان همدان",
    "name": "اسدآباد",
    "value": "شهرستان اسدآباد"
  },
  {
    "provinceName": "استان همدان",
    "name": "بهار",
    "value": "شهرستان بهار"
  },
  {
    "provinceName": "استان همدان",
    "name": "تویسرکان",
    "value": "شهرستان تویسرکان"
  },
  {
    "provinceName": "استان همدان",
    "name": "درگزین",
    "value": "شهرستان درگزین"
  },
  {
    "provinceName": "استان همدان",
    "name": "رزن",
    "value": "شهرستان رزن"
  },
  {
    "provinceName": "استان همدان",
    "name": "فامنین",
    "value": "شهرستان فامنین"
  },
  {
    "provinceName": "استان همدان",
    "name": "کبودرآهنگ",
    "value": "شهرستان کبودرآهنگ"
  },
  {
    "provinceName": "استان همدان",
    "name": "ملایر",
    "value": "شهرستان ملایر"
  },
  {
    "provinceName": "استان همدان",
    "name": "نهاوند",
    "value": "شهرستان نهاوند"
  },
  {
    "provinceName": "استان همدان",
    "name": "همدان",
    "value": "شهرستان همدان"
  },
  {
    "provinceName": "استان یزد",
    "name": "ابرکوه",
    "value": "شهرستان ابرکوه"
  },
  {
    "provinceName": "استان یزد",
    "name": "اردکان",
    "value": "شهرستان اردکان"
  },
  {
    "provinceName": "استان یزد",
    "name": "اشکذر",
    "value": "شهرستان اشکذر"
  },
  {
    "provinceName": "استان یزد",
    "name": "بافق",
    "value": "شهرستان بافق"
  },
  {
    "provinceName": "استان یزد",
    "name": "بهاباد",
    "value": "شهرستان بهاباد"
  },
  {
    "provinceName": "استان یزد",
    "name": "تفت",
    "value": "شهرستان تفت"
  },
  {
    "provinceName": "استان یزد",
    "name": "خاتم",
    "value": "شهرستان خاتم"
  },
  {
    "provinceName": "استان یزد",
    "name": "مهریز",
    "value": "شهرستان مهریز"
  },
  {
    "provinceName": "استان یزد",
    "name": "میبد",
    "value": "شهرستان میبد"
  },
  {
    "provinceName": "استان یزد",
    "name": "یزد",
    "value": "شهرستان یزد"
  }
]